date,total_nonfarm,% change,absolute change
1939-01-01,29923,0.005915,177
1939-02-01,30100,0.005915182,177
1939-03-01,30280,0.005980066,180
1939-04-01,30094,-0.006142668,-186
1939-05-01,30299,0.006811989,205
1939-06-01,30502,0.006699891,203
1939-07-01,30419,-0.002721133,-83
1939-08-01,30663,0.008021302,244
1939-09-01,31031,0.012001435,368
1939-10-01,31411,0.012245819,380
1939-11-01,31470,0.001878323,59
1939-12-01,31542,0.002287893,72
1940-01-01,31603,0.001933929,61
1940-02-01,31715,0.003543967,112
1940-03-01,31825,0.00346839,110
1940-04-01,31701,-0.003896308,-124
1940-05-01,31879,0.005614965,178
1940-06-01,31977,0.003074124,98
1940-07-01,31942,-0.001094537,-35
1940-08-01,32352,0.012835765,410
1940-09-01,32810,0.014156775,458
1940-10-01,33267,0.01392868,457
1940-11-01,33669,0.012084047,402
1940-12-01,34174,0.01499896,505
1941-01-01,34481,0.008983438,307
1941-02-01,34843,0.010498535,362
1941-03-01,35092,0.007146342,249
1941-04-01,35468,0.010714693,376
1941-05-01,36182,0.020130822,714
1941-06-01,36650,0.012934608,468
1941-07-01,37137,0.013287858,487
1941-08-01,37544,0.010959421,407
1941-09-01,37835,0.007750906,291
1941-10-01,37949,0.003013083,114
1941-11-01,38024,0.001976337,75
1941-12-01,38104,0.002103934,80
1942-01-01,38347,0.006377283,243
1942-02-01,38512,0.004302814,165
1942-03-01,38935,0.01098359,423
1942-04-01,39352,0.010710158,417
1942-05-01,39771,0.010647489,419
1942-06-01,40029,0.006487139,258
1942-07-01,40472,0.011066976,443
1942-08-01,40988,0.012749555,516
1942-09-01,41259,0.006611691,271
1942-10-01,41515,0.006204707,256
1942-11-01,41674,0.003829941,159
1942-12-01,41915,0.005782982,241
1943-01-01,42172,0.006131457,257
1943-02-01,42393,0.005240444,221
1943-03-01,42552,0.003750619,159
1943-04-01,42647,0.002232563,95
1943-05-01,42596,-0.001195864,-51
1943-06-01,42781,0.004343131,185
1943-07-01,42700,-0.001893364,-81
1943-08-01,42546,-0.003606557,-154
1943-09-01,42492,-0.001269214,-54
1943-10-01,42675,0.004306693,183
1943-11-01,42821,0.003421207,146
1943-12-01,42746,-0.001751477,-75
1944-01-01,42654,-0.002152248,-92
1944-02-01,42538,-0.002719557,-116
1944-03-01,42294,-0.005736048,-244
1944-04-01,42063,-0.005461768,-231
1944-05-01,41985,-0.001854361,-78
1944-06-01,41947,-0.000905085,-38
1944-07-01,41904,-0.001025103,-43
1944-08-01,41850,-0.00128866,-54
1944-09-01,41679,-0.004086022,-171
1944-10-01,41708,0.000695794,29
1944-11-01,41711,7.19286E-05,3
1944-12-01,41860,0.003572199,149
1945-01-01,41895,0.00083612,35
1945-02-01,41897,4.77384E-05,2
1945-03-01,41798,-0.002362938,-99
1945-04-01,41446,-0.008421456,-352
1945-05-01,41304,-0.003426145,-142
1945-06-01,41149,-0.003752663,-155
1945-07-01,40874,-0.00668303,-275
1945-08-01,40466,-0.009981896,-408
1945-09-01,38507,-0.048411012,-1959
1945-10-01,38600,0.002415145,93
1945-11-01,38996,0.010259067,396
1945-12-01,39110,0.002923377,114
1946-01-01,39829,0.018384045,719
1946-02-01,39244,-0.01468779,-585
1946-03-01,40195,0.024233004,951
1946-04-01,40913,0.017862918,718
1946-05-01,41349,0.010656759,436
1946-06-01,41735,0.009335171,386
1946-07-01,42153,0.010015574,418
1946-08-01,42642,0.011600598,489
1946-09-01,42915,0.006402139,273
1946-10-01,43093,0.004147734,178
1946-11-01,43395,0.007008099,302
1946-12-01,43379,-0.000368706,-16
1947-01-01,43535,0.00359621,156
1947-02-01,43557,0.000505341,22
1947-03-01,43607,0.001147921,50
1947-04-01,43499,-0.002476667,-108
1947-05-01,43638,0.003195476,139
1947-06-01,43810,0.003941519,172
1947-07-01,43743,-0.001529331,-67
1947-08-01,43960,0.004960794,217
1947-09-01,44203,0.005527753,243
1947-10-01,44411,0.004705563,208
1947-11-01,44484,0.001643737,73
1947-12-01,44581,0.002180559,97
1948-01-01,44679,0.002198246,98
1948-02-01,44533,-0.003267754,-146
1948-03-01,44683,0.003368289,150
1948-04-01,44379,-0.006803482,-304
1948-05-01,44796,0.009396336,417
1948-06-01,45034,0.005312974,238
1948-07-01,45160,0.002797886,126
1948-08-01,45178,0.000398583,18
1948-09-01,45294,0.002567621,116
1948-10-01,45245,-0.001081821,-49
1948-11-01,45192,-0.0011714,-53
1948-12-01,45032,-0.00354045,-160
1949-01-01,44668,-0.008083141,-364
1949-02-01,44497,-0.003828244,-171
1949-03-01,44240,-0.00577567,-257
1949-04-01,44236,-9.04159E-05,-4
1949-05-01,43984,-0.005696718,-252
1949-06-01,43739,-0.005570207,-245
1949-07-01,43531,-0.004755481,-208
1949-08-01,43624,0.002136409,93
1949-09-01,43780,0.003576013,156
1949-10-01,42942,-0.01914116,-838
1949-11-01,43242,0.006986167,300
1949-12-01,43522,0.006475186,280
1950-01-01,43526,9.19075E-05,4
1950-02-01,43297,-0.005261223,-229
1950-03-01,43954,0.015174261,657
1950-04-01,44382,0.009737453,428
1950-05-01,44718,0.007570637,336
1950-06-01,45083,0.008162261,365
1950-07-01,45454,0.008229266,371
1950-08-01,46192,0.016236195,738
1950-09-01,46438,0.005325598,246
1950-10-01,46706,0.005771136,268
1950-11-01,46776,0.001498737,70
1950-12-01,46861,0.001817171,85
1951-01-01,47288,0.009112055,427
1951-02-01,47577,0.006111487,289
1951-03-01,47873,0.006221494,296
1951-04-01,47861,-0.000250663,-12
1951-05-01,47952,0.001901339,91
1951-06-01,48064,0.002335669,112
1951-07-01,48061,-6.24168E-05,-3
1951-08-01,48012,-0.001019538,-49
1951-09-01,47954,-0.001208031,-58
1951-10-01,48006,0.001084373,52
1951-11-01,48147,0.002937133,141
1951-12-01,48314,0.003468544,167
1952-01-01,48296,-0.000372563,-18
1952-02-01,48522,0.004679477,226
1952-03-01,48504,-0.000370966,-18
1952-04-01,48620,0.002391555,116
1952-05-01,48642,0.000452489,22
1952-06-01,48282,-0.007401011,-360
1952-07-01,48143,-0.00287892,-139
1952-08-01,48924,0.016222504,781
1952-09-01,49320,0.008094187,396
1952-10-01,49597,0.005616383,277
1952-11-01,49816,0.00441559,219
1952-12-01,50166,0.007025855,350
1953-01-01,50144,-0.000438544,-22
1953-02-01,50339,0.0038888,195
1953-03-01,50473,0.002661952,134
1953-04-01,50435,-0.000752878,-38
1953-05-01,50490,0.001090513,55
1953-06-01,50519,0.000574371,29
1953-07-01,50536,0.000336507,17
1953-08-01,50489,-0.00093003,-47
1953-09-01,50368,-0.002396562,-121
1953-10-01,50240,-0.002541296,-128
1953-11-01,49908,-0.00660828,-332
1953-12-01,49703,-0.004107558,-205
1954-01-01,49469,-0.004707965,-234
1954-02-01,49382,-0.001758677,-87
1954-03-01,49157,-0.004556316,-225
1954-04-01,49179,0.000447546,22
1954-05-01,48965,-0.004351451,-214
1954-06-01,48895,-0.001429593,-70
1954-07-01,48835,-0.001227119,-60
1954-08-01,48826,-0.000184294,-9
1954-09-01,48886,0.001228853,60
1954-10-01,48942,0.001145522,56
1954-11-01,49180,0.004862899,238
1954-12-01,49331,0.003070354,151
1955-01-01,49496,0.003344753,165
1955-02-01,49644,0.002990141,148
1955-03-01,49962,0.006405608,318
1955-04-01,50248,0.005724351,286
1955-05-01,50512,0.00525394,264
1955-06-01,50790,0.005503643,278
1955-07-01,50987,0.003878716,197
1955-08-01,51111,0.002431992,124
1955-09-01,51266,0.003032615,155
1955-10-01,51429,0.003179495,163
1955-11-01,51592,0.003169418,163
1955-12-01,51805,0.004128547,213
1956-01-01,51975,0.003281537,170
1956-02-01,52167,0.003694084,192
1956-03-01,52294,0.002434489,127
1956-04-01,52375,0.001548935,81
1956-05-01,52506,0.002501193,131
1956-06-01,52586,0.001523635,80
1956-07-01,51955,-0.011999391,-631
1956-08-01,52631,0.01301126,676
1956-09-01,52604,-0.000513006,-27
1956-10-01,52777,0.003288723,173
1956-11-01,52821,0.000833696,44
1956-12-01,52929,0.002044641,108
1957-01-01,52887,-0.000793516,-42
1957-02-01,53097,0.00397073,210
1957-03-01,53156,0.001111174,59
1957-04-01,53238,0.001542629,82
1957-05-01,53150,-0.001652955,-88
1957-06-01,53067,-0.001561618,-83
1957-07-01,53123,0.00105527,56
1957-08-01,53128,9.41212E-05,5
1957-09-01,52934,-0.003651559,-194
1957-10-01,52763,-0.003230438,-171
1957-11-01,52558,-0.003885298,-205
1957-12-01,52384,-0.003310628,-174
1958-01-01,52076,-0.005879658,-308
1958-02-01,51576,-0.009601352,-500
1958-03-01,51299,-0.005370715,-277
1958-04-01,51027,-0.005302248,-272
1958-05-01,50914,-0.002214514,-113
1958-06-01,50914,0,0
1958-07-01,51039,0.00245512,125
1958-08-01,51233,0.003801015,194
1958-09-01,51506,0.005328597,273
1958-10-01,51485,-0.000407719,-21
1958-11-01,51944,0.008915218,459
1958-12-01,52085,0.002714462,141
1959-01-01,52478,0.007545359,393
1959-02-01,52688,0.004001677,210
1959-03-01,53014,0.006187367,326
1959-04-01,53321,0.005790923,307
1959-05-01,53550,0.004294743,229
1959-06-01,53681,0.002446312,131
1959-07-01,53804,0.002291314,123
1959-08-01,53336,-0.008698238,-468
1959-09-01,53428,0.001724914,92
1959-10-01,53358,-0.001310174,-70
1959-11-01,53634,0.005172608,276
1959-12-01,54174,0.01006824,540
1960-01-01,54274,0.001845904,100
1960-02-01,54513,0.004403582,239
1960-03-01,54454,-0.001082311,-59
1960-04-01,54813,0.00659272,359
1960-05-01,54475,-0.00616642,-338
1960-06-01,54348,-0.002331345,-127
1960-07-01,54306,-0.000772798,-42
1960-08-01,54272,-0.000626082,-34
1960-09-01,54227,-0.000829157,-45
1960-10-01,54142,-0.001567485,-85
1960-11-01,53961,-0.003343061,-181
1960-12-01,53742,-0.004058487,-219
1961-01-01,53683,-0.001097838,-59
1961-02-01,53557,-0.002347112,-126
1961-03-01,53659,0.001904513,102
1961-04-01,53627,-0.000596358,-32
1961-05-01,53786,0.002964924,159
1961-06-01,53977,0.00355111,191
1961-07-01,54123,0.002704856,146
1961-08-01,54298,0.003233376,175
1961-09-01,54388,0.00165752,90
1961-10-01,54522,0.002463779,134
1961-11-01,54742,0.004035068,220
1961-12-01,54872,0.002374776,130
1962-01-01,54891,0.00034626,19
1962-02-01,55188,0.005410723,297
1962-03-01,55275,0.00157643,87
1962-04-01,55602,0.005915875,327
1962-05-01,55628,0.000467609,26
1962-06-01,55644,0.000287625,16
1962-07-01,55746,0.001833082,102
1962-08-01,55838,0.001650343,92
1962-09-01,55978,0.002507253,140
1962-10-01,56041,0.001125442,63
1962-11-01,56056,0.000267661,15
1962-12-01,56028,-0.0004995,-28
1963-01-01,56115,0.001552795,87
1963-02-01,56230,0.002049363,115
1963-03-01,56320,0.001600569,90
1963-04-01,56580,0.004616477,260
1963-05-01,56616,0.000636267,36
1963-06-01,56659,0.000759503,43
1963-07-01,56794,0.002382675,135
1963-08-01,56910,0.002042469,116
1963-09-01,57078,0.00295203,168
1963-10-01,57283,0.003591576,205
1963-11-01,57255,-0.000488801,-28
1963-12-01,57361,0.001851367,106
1964-01-01,57487,0.002196614,126
1964-02-01,57753,0.004627133,266
1964-03-01,57897,0.002493377,144
1964-04-01,57922,0.000431801,25
1964-05-01,58089,0.002883188,167
1964-06-01,58219,0.002237945,130
1964-07-01,58412,0.003315069,193
1964-08-01,58619,0.003543792,207
1964-09-01,58903,0.004844846,284
1964-10-01,58793,-0.001867477,-110
1964-11-01,59218,0.007228752,425
1964-12-01,59421,0.003428012,203
1965-01-01,59582,0.00270948,161
1965-02-01,59800,0.003658823,218
1965-03-01,60003,0.003394649,203
1965-04-01,60259,0.004266453,256
1965-05-01,60491,0.003850047,232
1965-06-01,60690,0.003289746,199
1965-07-01,60965,0.004531224,275
1965-08-01,61228,0.004313951,263
1965-09-01,61490,0.004279088,262
1965-10-01,61719,0.003724183,229
1965-11-01,61996,0.004488083,277
1965-12-01,62322,0.005258404,326
1966-01-01,62529,0.00332146,207
1966-02-01,62796,0.004270019,267
1966-03-01,63192,0.006306134,396
1966-04-01,63437,0.003877073,245
1966-05-01,63712,0.00433501,275
1966-06-01,64111,0.006262557,399
1966-07-01,64301,0.00296361,190
1966-08-01,64507,0.003203683,206
1966-09-01,64643,0.002108298,136
1966-10-01,64854,0.003264081,211
1966-11-01,65019,0.002544176,165
1966-12-01,65199,0.002768422,180
1967-01-01,65407,0.003190233,208
1967-02-01,65429,0.000336355,22
1967-03-01,65530,0.001543658,101
1967-04-01,65466,-0.000976652,-64
1967-05-01,65620,0.002352366,154
1967-06-01,65750,0.001981103,130
1967-07-01,65888,0.002098859,138
1967-08-01,66143,0.003870204,255
1967-09-01,66164,0.000317494,21
1967-10-01,66225,0.000921952,61
1967-11-01,66703,0.007217818,478
1967-12-01,66900,0.00295339,197
1968-01-01,66804,-0.001434978,-96
1968-02-01,67215,0.006152326,411
1968-03-01,67295,0.001190211,80
1968-04-01,67556,0.003878446,261
1968-05-01,67652,0.001421043,96
1968-06-01,67905,0.003739727,253
1968-07-01,68126,0.003254547,221
1968-08-01,68330,0.002994451,204
1968-09-01,68484,0.002253768,154
1968-10-01,68721,0.003460662,237
1968-11-01,68984,0.003827069,263
1968-12-01,69248,0.003826974,264
1969-01-01,69439,0.002758202,191
1969-02-01,69699,0.003744294,260
1969-03-01,69905,0.002955566,206
1969-04-01,70072,0.002388956,167
1969-05-01,70328,0.003653385,256
1969-06-01,70636,0.004379479,308
1969-07-01,70729,0.001316609,93
1969-08-01,71008,0.003944634,279
1969-09-01,70914,-0.001323795,-94
1969-10-01,71121,0.002919029,207
1969-11-01,71086,-0.000492119,-35
1969-12-01,71241,0.002180457,155
1970-01-01,71176,-0.000912396,-65
1970-02-01,71305,0.001812409,129
1970-03-01,71451,0.002047542,146
1970-04-01,71348,-0.001441547,-103
1970-05-01,71124,-0.003139541,-224
1970-06-01,71029,-0.001335695,-95
1970-07-01,71053,0.00033789,24
1970-08-01,70937,-0.001632584,-116
1970-09-01,70944,9.86791E-05,7
1970-10-01,70521,-0.005962449,-423
1970-11-01,70409,-0.001588179,-112
1970-12-01,70792,0.005439645,383
1971-01-01,70865,0.00103119,73
1971-02-01,70807,-0.000818458,-58
1971-03-01,70860,0.000748514,53
1971-04-01,71036,0.002483771,176
1971-05-01,71247,0.002970325,211
1971-06-01,71254,9.82498E-05,7
1971-07-01,71315,0.000856092,61
1971-08-01,71373,0.000813293,58
1971-09-01,71614,0.003376627,241
1971-10-01,71642,0.000390985,28
1971-11-01,71847,0.00286145,205
1971-12-01,72109,0.003646638,262
1972-01-01,72441,0.004604141,332
1972-02-01,72648,0.002857498,207
1972-03-01,72944,0.004074441,296
1972-04-01,73162,0.002988594,218
1972-05-01,73469,0.004196167,307
1972-06-01,73758,0.003933632,289
1972-07-01,73709,-0.000664335,-49
1972-08-01,74141,0.005860885,432
1972-09-01,74264,0.001659001,123
1972-10-01,74674,0.005520845,410
1972-11-01,74973,0.004004071,299
1972-12-01,75268,0.00393475,295
1973-01-01,75617,0.004636765,349
1973-02-01,76014,0.005250142,397
1973-03-01,76284,0.003551977,270
1973-04-01,76455,0.002241623,171
1973-05-01,76648,0.002524361,193
1973-06-01,76887,0.003118151,239
1973-07-01,76913,0.000338159,26
1973-08-01,77168,0.003315434,255
1973-09-01,77276,0.001399544,108
1973-10-01,77607,0.004283348,331
1973-11-01,77920,0.004033141,313
1973-12-01,78031,0.001424538,111
1974-01-01,78100,0.000884264,69
1974-02-01,78254,0.001971831,154
1974-03-01,78296,0.000536714,42
1974-04-01,78382,0.001098396,86
1974-05-01,78549,0.002130591,167
1974-06-01,78604,0.0007002,55
1974-07-01,78636,0.000407104,32
1974-08-01,78619,-0.000216186,-17
1974-09-01,78610,-0.000114476,-9
1974-10-01,78630,0.000254421,20
1974-11-01,78265,-0.004641994,-365
1974-12-01,77652,-0.007832364,-613
1975-01-01,77293,-0.004623191,-359
1975-02-01,76918,-0.004851668,-375
1975-03-01,76648,-0.003510232,-270
1975-04-01,76460,-0.002452771,-188
1975-05-01,76624,0.002144912,164
1975-06-01,76521,-0.001344226,-103
1975-07-01,76770,0.003254009,249
1975-08-01,77153,0.004988928,383
1975-09-01,77228,0.000972094,75
1975-10-01,77540,0.004039985,312
1975-11-01,77685,0.001870003,145
1975-12-01,78017,0.004273669,332
1976-01-01,78503,0.006229412,486
1976-02-01,78816,0.003987109,313
1976-03-01,79048,0.002943565,232
1976-04-01,79292,0.003086732,244
1976-05-01,79312,0.000252232,20
1976-06-01,79376,0.00080694,64
1976-07-01,79547,0.002154304,171
1976-08-01,79704,0.001973676,157
1976-09-01,79892,0.002358727,188
1976-10-01,79911,0.000237821,19
1976-11-01,80240,0.00411708,329
1976-12-01,80448,0.002592223,208
1977-01-01,80690,0.003008154,242
1977-02-01,80988,0.003693147,298
1977-03-01,81391,0.004976046,403
1977-04-01,81728,0.004140507,337
1977-05-01,82088,0.004404855,360
1977-06-01,82488,0.004872819,400
1977-07-01,82834,0.00419455,346
1977-08-01,83075,0.002909433,241
1977-09-01,83532,0.005501053,457
1977-10-01,83800,0.003208351,268
1977-11-01,84173,0.004451074,373
1977-12-01,84410,0.00281563,237
1978-01-01,84594,0.002179837,184
1978-02-01,84948,0.004184694,354
1978-03-01,85460,0.006027217,512
1978-04-01,86162,0.008214369,702
1978-05-01,86509,0.004027297,347
1978-06-01,86950,0.005097735,441
1978-07-01,87204,0.002921219,254
1978-08-01,87483,0.003199395,279
1978-09-01,87621,0.001577449,138
1978-10-01,87956,0.003823284,335
1978-11-01,88391,0.004945655,435
1978-12-01,88671,0.003167743,280
1979-01-01,88808,0.001545037,137
1979-02-01,89055,0.002781281,247
1979-03-01,89479,0.004761103,424
1979-04-01,89417,-0.0006929,-62
1979-05-01,89789,0.004160283,372
1979-06-01,90108,0.003552774,319
1979-07-01,90217,0.00120966,109
1979-08-01,90300,0.000920004,83
1979-09-01,90327,0.000299003,27
1979-10-01,90481,0.001704917,154
1979-11-01,90573,0.001016788,92
1979-12-01,90672,0.001093041,99
1980-01-01,90800,0.001411682,128
1980-02-01,90883,0.000914097,83
1980-03-01,90994,0.001221351,111
1980-04-01,90849,-0.001593512,-145
1980-05-01,90420,-0.004722121,-429
1980-06-01,90101,-0.003527981,-319
1980-07-01,89840,-0.002896749,-261
1980-08-01,90099,0.002882903,259
1980-09-01,90213,0.001265275,114
1980-10-01,90490,0.003070511,277
1980-11-01,90747,0.002840093,257
1980-12-01,90943,0.002159851,196
1981-01-01,91033,0.000989631,90
1981-02-01,91105,0.000790922,72
1981-03-01,91210,0.001152516,105
1981-04-01,91283,0.000800351,73
1981-05-01,91296,0.000142414,13
1981-06-01,91490,0.002124956,194
1981-07-01,91601,0.001213247,111
1981-08-01,91565,-0.000393009,-36
1981-09-01,91477,-0.000961066,-88
1981-10-01,91380,-0.001060376,-97
1981-11-01,91171,-0.002287153,-209
1981-12-01,90895,-0.003027278,-276
1982-01-01,90565,-0.003630563,-330
1982-02-01,90563,-2.20836E-05,-2
1982-03-01,90434,-0.001424423,-129
1982-04-01,90150,-0.003140412,-284
1982-05-01,90107,-0.000476983,-43
1982-06-01,89865,-0.002685696,-242
1982-07-01,89521,-0.003827964,-344
1982-08-01,89363,-0.001764949,-158
1982-09-01,89183,-0.002014256,-180
1982-10-01,88907,-0.00309476,-276
1982-11-01,88786,-0.001360973,-121
1982-12-01,88771,-0.000168946,-15
1983-01-01,88990,0.002467022,219
1983-02-01,88917,-0.000820317,-73
1983-03-01,89090,0.001945635,173
1983-04-01,89364,0.003075542,274
1983-05-01,89644,0.003133253,280
1983-06-01,90021,0.004205524,377
1983-07-01,90437,0.004621144,416
1983-08-01,90129,-0.003405686,-308
1983-09-01,91247,0.012404443,1118
1983-10-01,91520,0.002991879,273
1983-11-01,91875,0.003878934,355
1983-12-01,92230,0.003863946,355
1984-01-01,92673,0.004803209,443
1984-02-01,93157,0.005222665,484
1984-03-01,93429,0.002919802,272
1984-04-01,93792,0.003885303,363
1984-05-01,94098,0.003262538,306
1984-06-01,94479,0.00404897,381
1984-07-01,94789,0.003281152,310
1984-08-01,95032,0.002563589,243
1984-09-01,95344,0.003283105,312
1984-10-01,95629,0.002989176,285
1984-11-01,95982,0.003691349,353
1984-12-01,96107,0.001302328,125
1985-01-01,96372,0.002757343,265
1985-02-01,96503,0.001359316,131
1985-03-01,96842,0.003512844,339
1985-04-01,97038,0.002023915,196
1985-05-01,97312,0.002823636,274
1985-06-01,97459,0.001510605,147
1985-07-01,97648,0.001939277,189
1985-08-01,97840,0.001966246,192
1985-09-01,98045,0.002095258,205
1985-10-01,98233,0.001917487,188
1985-11-01,98443,0.002137774,210
1985-12-01,98609,0.001686255,166
1986-01-01,98732,0.001247351,123
1986-02-01,98847,0.001164769,115
1986-03-01,98934,0.000880148,87
1986-04-01,99121,0.001890149,187
1986-05-01,99248,0.001281262,127
1986-06-01,99155,-0.000937047,-93
1986-07-01,99473,0.0032071,318
1986-08-01,99588,0.001156093,115
1986-09-01,99934,0.003474314,346
1986-10-01,100121,0.001871235,187
1986-11-01,100308,0.00186774,187
1986-12-01,100509,0.002003828,201
1987-01-01,100678,0.001681441,169
1987-02-01,100919,0.00239377,241
1987-03-01,101164,0.00242769,245
1987-04-01,101499,0.003311455,335
1987-05-01,101728,0.00225618,229
1987-06-01,101900,0.001690783,172
1987-07-01,102247,0.003405299,347
1987-08-01,102420,0.001691981,173
1987-09-01,102647,0.002216364,227
1987-10-01,103138,0.004783384,491
1987-11-01,103372,0.002268805,234
1987-12-01,103661,0.002795728,289
1988-01-01,103753,0.000887508,92
1988-02-01,104214,0.004443245,461
1988-03-01,104489,0.002638801,275
1988-04-01,104732,0.002325604,243
1988-05-01,104962,0.002196081,230
1988-06-01,105326,0.003467922,364
1988-07-01,105550,0.00212673,224
1988-08-01,105674,0.001174799,124
1988-09-01,106013,0.003207979,339
1988-10-01,106276,0.002480828,263
1988-11-01,106617,0.003208627,341
1988-12-01,106898,0.002635602,281
1989-01-01,107161,0.002460289,263
1989-02-01,107427,0.002482246,266
1989-03-01,107621,0.001805877,194
1989-04-01,107791,0.001579617,170
1989-05-01,107913,0.00113182,122
1989-06-01,108027,0.001056407,114
1989-07-01,108069,0.000388792,42
1989-08-01,108120,0.000471921,51
1989-09-01,108369,0.002302997,249
1989-10-01,108476,0.000987367,107
1989-11-01,108752,0.002544342,276
1989-12-01,108836,0.0007724,84
1990-01-01,109196,0.003307729,360
1990-02-01,109436,0.002197883,240
1990-03-01,109640,0.001864103,204
1990-04-01,109674,0.000310106,34
1990-05-01,109828,0.001404161,154
1990-06-01,109850,0.000200313,22
1990-07-01,109815,-0.000318616,-35
1990-08-01,109606,-0.001903201,-209
1990-09-01,109523,-0.000757258,-83
1990-10-01,109377,-0.001333053,-146
1990-11-01,109222,-0.001417117,-155
1990-12-01,109168,-0.000494406,-54
1991-01-01,109058,-0.001007621,-110
1991-02-01,108735,-0.002961727,-323
1991-03-01,108568,-0.001535844,-167
1991-04-01,108350,-0.002007958,-218
1991-05-01,108253,-0.000895247,-97
1991-06-01,108330,0.000711297,77
1991-07-01,108290,-0.000369242,-40
1991-08-01,108299,8.31102E-05,9
1991-09-01,108335,0.000332413,36
1991-10-01,108361,0.000239996,26
1991-11-01,108300,-0.000562933,-61
1991-12-01,108330,0.000277008,30
1992-01-01,108365,0.000323087,35
1992-02-01,108313,-0.00047986,-52
1992-03-01,108367,0.000498555,54
1992-04-01,108517,0.001384185,150
1992-05-01,108647,0.001197969,130
1992-06-01,108707,0.000552247,60
1992-07-01,108792,0.000781918,85
1992-08-01,108916,0.00113979,124
1992-09-01,108952,0.00033053,36
1992-10-01,109138,0.001707174,186
1992-11-01,109283,0.001328593,145
1992-12-01,109502,0.002003971,219
1993-01-01,109790,0.002630089,288
1993-02-01,110048,0.002349941,258
1993-03-01,110004,-0.000399826,-44
1993-04-01,110300,0.002690811,296
1993-05-01,110571,0.002456936,271
1993-06-01,110742,0.001546518,171
1993-07-01,111054,0.002817359,312
1993-08-01,111200,0.001314676,146
1993-09-01,111449,0.002239209,249
1993-10-01,111734,0.002557223,285
1993-11-01,111988,0.002273256,254
1993-12-01,112324,0.003000321,336
1994-01-01,112601,0.00246608,277
1994-02-01,112782,0.001607446,181
1994-03-01,113245,0.004105265,463
1994-04-01,113589,0.003037662,344
1994-05-01,113922,0.002931622,333
1994-06-01,114239,0.002782606,317
1994-07-01,114608,0.00323007,369
1994-08-01,114903,0.002573991,295
1994-09-01,115247,0.00299383,344
1994-10-01,115457,0.001822173,210
1994-11-01,115868,0.003559767,411
1994-12-01,116173,0.002632306,305
1995-01-01,116505,0.002857807,332
1995-02-01,116694,0.001622248,189
1995-03-01,116908,0.001833856,214
1995-04-01,117065,0.001342936,157
1995-05-01,117047,-0.000153761,-18
1995-06-01,117291,0.002084633,244
1995-07-01,117382,0.000775848,91
1995-08-01,117646,0.002249067,264
1995-09-01,117873,0.001929517,227
1995-10-01,118026,0.001298007,153
1995-11-01,118165,0.001177707,139
1995-12-01,118325,0.001354039,160
1996-01-01,118317,-6.76104E-05,-8
1996-02-01,118737,0.003549786,420
1996-03-01,118992,0.002147604,255
1996-04-01,119158,0.001395052,166
1996-05-01,119496,0.00283657,338
1996-06-01,119770,0.002292964,274
1996-07-01,120019,0.002078985,249
1996-08-01,120198,0.001491431,179
1996-09-01,120400,0.00168056,202
1996-10-01,120665,0.002200997,265
1996-11-01,120947,0.002337049,282
1996-12-01,121143,0.001620545,196
1997-01-01,121357,0.001766507,214
1997-02-01,121674,0.002612128,317
1997-03-01,121991,0.002605322,317
1997-04-01,122288,0.002434606,297
1997-05-01,122560,0.002224257,272
1997-06-01,122816,0.002088773,256
1997-07-01,123114,0.002426394,298
1997-08-01,123086,-0.000227431,-28
1997-09-01,123575,0.003972832,489
1997-10-01,123924,0.002824196,349
1997-11-01,124226,0.002436978,302
1997-12-01,124549,0.0026001,323
1998-01-01,124806,0.002063445,257
1998-02-01,125017,0.001690624,211
1998-03-01,125165,0.001183839,148
1998-04-01,125446,0.002245037,281
1998-05-01,125846,0.003188623,400
1998-06-01,126076,0.001827631,230
1998-07-01,126211,0.001070783,135
1998-08-01,126546,0.002654285,335
1998-09-01,126744,0.001564648,198
1998-10-01,126948,0.001609544,204
1998-11-01,127223,0.002166241,275
1998-12-01,127595,0.002924,372
1999-01-01,127699,0.000815079,104
1999-02-01,128118,0.003281153,419
1999-03-01,128234,0.000905415,116
1999-04-01,128596,0.002822964,362
1999-05-01,128813,0.001687455,217
1999-06-01,129084,0.002103825,271
1999-07-01,129421,0.002610703,337
1999-08-01,129572,0.001166735,151
1999-09-01,129772,0.001543543,200
1999-10-01,130178,0.003128564,406
1999-11-01,130467,0.002220037,289
1999-12-01,130783,0.002422068,316
2000-01-01,131011,0.001743346,228
2000-02-01,131121,0.000839624,110
2000-03-01,131604,0.00368362,483
2000-04-01,131883,0.002119996,279
2000-05-01,132105,0.00168331,222
2000-06-01,132062,-0.000325499,-43
2000-07-01,132228,0.001256985,166
2000-08-01,132234,4.53762E-05,6
2000-09-01,132338,0.000786485,104
2000-10-01,132352,0.00010579,14
2000-11-01,132556,0.001541344,204
2000-12-01,132716,0.001207037,160
2001-01-01,132703,-9.79535E-05,-13
2001-02-01,132788,0.000640528,85
2001-03-01,132751,-0.00027864,-37
2001-04-01,132457,-0.002214673,-294
2001-05-01,132409,-0.000362382,-48
2001-06-01,132299,-0.000830759,-110
2001-07-01,132171,-0.000967505,-128
2001-08-01,132021,-0.001134893,-150
2001-09-01,131763,-0.001954235,-258
2001-10-01,131452,-0.002360298,-311
2001-11-01,131144,-0.002343061,-308
2001-12-01,130983,-0.001227658,-161
2002-01-01,130859,-0.000946688,-124
2002-02-01,130736,-0.000939943,-123
2002-03-01,130722,-0.000107086,-14
2002-04-01,130615,-0.000818531,-107
2002-05-01,130632,0.000130154,17
2002-06-01,130673,0.000313859,41
2002-07-01,130583,-0.000688742,-90
2002-08-01,130582,-7.65796E-06,-1
2002-09-01,130503,-0.000604984,-79
2002-10-01,130617,0.000873543,114
2002-11-01,130616,-7.65597E-06,-1
2002-12-01,130465,-0.001156061,-151
2003-01-01,130573,0.000827808,108
2003-02-01,130441,-0.001010929,-132
2003-03-01,130235,-0.001579258,-206
2003-04-01,130172,-0.000483741,-63
2003-05-01,130196,0.000184371,24
2003-06-01,130185,-8.4488E-05,-11
2003-07-01,130184,-7.68138E-06,-1
2003-08-01,130153,-0.000238125,-31
2003-09-01,130253,0.000768327,100
2003-10-01,130440,0.001435668,187
2003-11-01,130481,0.000314321,41
2003-12-01,130589,0.000827707,108
2004-01-01,130756,0.001278821,167
2004-02-01,130820,0.000489461,64
2004-03-01,131139,0.002438465,319
2004-04-01,131412,0.002081761,273
2004-05-01,131697,0.002168752,285
2004-06-01,131794,0.000736539,97
2004-07-01,131853,0.000447668,59
2004-08-01,131940,0.000659826,87
2004-09-01,132091,0.00114446,151
2004-10-01,132431,0.002573983,340
2004-11-01,132504,0.00055123,73
2004-12-01,132629,0.000943368,125
2005-01-01,132781,0.001146054,152
2005-02-01,133033,0.001897862,252
2005-03-01,133152,0.000894515,119
2005-04-01,133519,0.002756248,367
2005-05-01,133689,0.001273227,170
2005-06-01,133947,0.001929852,258
2005-07-01,134300,0.002635371,353
2005-08-01,134503,0.001511541,203
2005-09-01,134554,0.000379174,51
2005-10-01,134643,0.000661444,89
2005-11-01,134999,0.002644029,356
2005-12-01,135158,0.001177787,159
2006-01-01,135426,0.001982864,268
2006-02-01,135731,0.002252152,305
2006-03-01,136036,0.002247092,305
2006-04-01,136208,0.001264371,172
2006-05-01,136249,0.00030101,41
2006-06-01,136335,0.000631197,86
2006-07-01,136529,0.001422965,194
2006-08-01,136693,0.00120121,164
2006-09-01,136829,0.00099493,136
2006-10-01,136846,0.000124243,17
2006-11-01,137061,0.001571109,215
2006-12-01,137249,0.001371652,188
2007-01-01,137472,0.001624784,223
2007-02-01,137558,0.000625582,86
2007-03-01,137782,0.001628404,224
2007-04-01,137845,0.000457244,63
2007-05-01,137993,0.00107367,148
2007-06-01,138069,0.000550753,76
2007-07-01,138044,-0.000181069,-25
2007-08-01,138013,-0.000224566,-31
2007-09-01,138101,0.000637621,88
2007-10-01,138177,0.000550322,76
2007-11-01,138291,0.000825029,114
2007-12-01,138395,0.000752037,104
2008-01-01,138391,-2.89028E-05,-4
2008-02-01,138327,-0.000462458,-64
2008-03-01,138257,-0.000506047,-70
2008-04-01,138038,-0.001584007,-219
2008-05-01,137851,-0.001354699,-187
2008-06-01,137698,-0.001109894,-153
2008-07-01,137498,-0.001452454,-200
2008-08-01,137211,-0.002087303,-287
2008-09-01,136762,-0.003272332,-449
2008-10-01,136293,-0.003429315,-469
2008-11-01,135543,-0.00550285,-750
2008-12-01,134847,-0.005134902,-696
2009-01-01,134078,-0.005702759,-769
2009-02-01,133317,-0.005675801,-761
2009-03-01,132492,-0.006188258,-825
2009-04-01,131821,-0.005064457,-671
2009-05-01,131468,-0.002677874,-353
2009-06-01,131007,-0.003506557,-461
2009-07-01,130662,-0.002633447,-345
2009-08-01,130472,-0.001454134,-190
2009-09-01,130247,-0.001724508,-225
2009-10-01,130062,-0.001420378,-185
2009-11-01,130058,-3.07546E-05,-4
2009-12-01,129808,-0.001922219,-250
2010-01-01,129802,-4.62221E-05,-6
2010-02-01,129705,-0.000747292,-97
2010-03-01,129865,0.001233568,160
2010-04-01,130120,0.001963578,255
2010-05-01,130643,0.004019367,523
2010-06-01,130509,-0.001025696,-134
2010-07-01,130415,-0.000720257,-94
2010-08-01,130416,7.66783E-06,1
2010-09-01,130342,-0.000567415,-74
2010-10-01,130621,0.002140523,279
2010-11-01,130749,0.000979934,128
2010-12-01,130830,0.000619508,81
2011-01-01,130837,5.35045E-05,7
2011-02-01,131056,0.001673838,219
2011-03-01,131282,0.001724454,226
2011-04-01,131597,0.002399415,315
2011-05-01,131704,0.000813088,107
2011-06-01,131931,0.001723562,227
2011-07-01,131993,0.000469943,62
2011-08-01,132125,0.001000053,132
2011-09-01,132344,0.001657521,219
2011-10-01,132553,0.001579218,209
2011-11-01,132690,0.001033549,137
2011-12-01,132888,0.0014922,198
2012-01-01,133245,0.002686473,357
2012-02-01,133508,0.001973808,263
2012-03-01,133748,0.001797645,240
2012-04-01,133825,0.00057571,77
2012-05-01,133933,0.000807024,108
2012-06-01,134012,0.000589847,79
2012-07-01,134157,0.001081993,145
2012-08-01,134338,0.001349166,181
2012-09-01,134517,0.00133246,179
2012-10-01,134668,0.001122535,151
2012-11-01,134825,0.00116583,157
2012-12-01,135074,0.001846838,249
2013-01-01,135257,0.001354813,183
2013-02-01,135545,0.00212928,288
2013-03-01,135689,0.001062378,144
2013-04-01,135873,0.001356042,184
2013-05-01,136095,0.001633879,222
2013-06-01,136279,0.001351997,184
2013-07-01,136391,0.000821843,112
2013-08-01,136646,0.001869625,255
2013-09-01,136821,0.001280681,175
2013-10-01,137041,0.00160794,220
2013-11-01,137316,0.002006699,275
2013-12-01,137373,0.000415101,57
2014-01-01,137561,0.001368537,188
2014-02-01,137712,0.001097695,151
2014-03-01,137985,0.001982398,273
2014-04-01,138297,0.002261115,312
2014-05-01,138512,0.001554625,215
2014-06-01,138849,0.002433002,337
2014-07-01,139073,0.001613263,224
2014-08-01,139269,0.001409332,196
2014-09-01,139563,0.002111023,294
2014-10-01,139797,0.001676662,234
2014-11-01,140090,0.002095896,293
2014-12-01,140364,0.001955886,274
2015-01-01,140568,0.001453364,204
2015-02-01,140827,0.001842525,259
2015-03-01,140923,0.000681687,96
2015-04-01,141196,0.001937228,273
2015-05-01,141538,0.002422165,342
2015-06-01,141709,0.001208156,171
2015-07-01,141991,0.001989994,282
2015-08-01,142125,0.000943722,134
2015-09-01,142275,0.001055409,150
2015-10-01,142579,0.002136707,304
2015-11-01,142808,0.001606127,229
2015-12-01,143077,0.001883648,269
2016-01-01,143210,0.000929569,133
2016-02-01,143407,0.001375602,197
2016-03-01,143662,0.001778156,255
2016-04-01,143855,0.001343431,193
2016-05-01,143900,0.000312815,45
2016-06-01,144146,0.001709521,246
2016-07-01,144520,0.002594592,374
2016-08-01,144662,0.000982563,142
2016-09-01,144967,0.002108363,305
2016-10-01,145066,0.000682914,99
2016-11-01,145183,0.000806529,117
2016-12-01,145408,0.001549768,225
2017-01-01,145628,0.001512984,220
2017-02-01,145848,0.001510698,220
2017-03-01,145969,0.000829631,121
2017-04-01,146174,0.001404408,205
2017-05-01,146380,0.001409279,206
2017-06-01,146583,0.001386801,203
2017-07-01,146772,0.001289372,189
2017-08-01,146919,0.001001553,147
2017-09-01,147007,0.00059897,88
2017-10-01,147150,0.000972743,143
2017-11-01,147373,0.00151546,223
2017-12-01,147523,0.001017826,150
2018-01-01,147660,0.000928669,137
2018-02-01,148054,0.002668292,394
2018-03-01,148280,0.00152647,226
2018-04-01,148422,0.000957648,142
2018-05-01,148740,0.00214254,318
2018-06-01,148959,0.001472368,219
2018-07-01,149020,0.000409509,61
2018-08-01,149279,0.001738022,259
2018-09-01,149358,0.00052921,79
2018-10-01,149526,0.001124814,168
2018-11-01,149617,0.00060859,91
2018-12-01,149809,0.001283277,192
2019-01-01,150059,0.001668792,250
2019-02-01,150065,3.99843E-05,6
2019-03-01,150295,0.001532669,230
2019-04-01,150593,0.001982767,298
2019-05-01,150621,0.000185932,28
2019-06-01,150839,0.001447341,218
2019-07-01,150936,0.00064307,97
2019-08-01,151171,0.001556951,235
2019-09-01,151365,0.001283315,194
2019-10-01,151460,0.000627622,95
2019-11-01,151668,0.0013733,208
2019-12-01,151795,0.000837355,127
2020-01-01,152031,0.001554728,236
2020-02-01,152292,0.001716755,261
2020-03-01,150895,-0.009173167,-1397
2020-04-01,130424,-0.135663872,-20471
2020-05-01,133040,0.020057658,2616
2020-06-01,137671,0.03480908,4631
2020-07-01,139255,0.011505691,1584
2020-08-01,140819,0.011231195,1564
2020-09-01,141770,0.00675335,951
2020-10-01,142461,0.004874092,691
2020-11-01,142731,0.001895256,270
2020-12-01,142548,-0.001282132,-183
2021-01-01,142913,0.002560541,365
2021-02-01,143422,0.003561607,509
2021-03-01,144246,0.005745283,824
2021-04-01,144611,0.002530399,365
2021-05-01,145032,0.002911258,421
2021-06-01,145828,0.005488444,796
2021-07-01,146759,0.006384233,931
2021-08-01,147246,0.003318365,487
2021-09-01,147712,0.003164772,466
2021-10-01,148569,0.005801831,857
2021-11-01,149206,0.00428757,637
2021-12-01,149781,0.003853732,575
2022-01-01,150006,0.001502193,225
2022-02-01,150875,0.005793102,869
2022-03-01,151346,0.00312179,471
2022-04-01,151651,0.00201525,305
2022-05-01,151892,0.001589175,241
2022-06-01,152353,0.003035051,461
2022-07-01,153049,0.004568338,696
2022-08-01,153286,0.001548524,237
2022-09-01,153513,0.001480892,227
2022-10-01,153913,0.002605643,400
2022-11-01,154210,0.001929662,297
2022-12-01,154336,0.000817068,126
2023-01-01,154780,0.00287684,444
2023-02-01,155086,0.001977,306
2023-03-01,155171,0.000548083,85
2023-04-01,155387,0.001392013,216
2023-05-01,155614,0.001460869,227
2023-06-01,155871,0.001651522,257
2023-07-01,156019,0.000949503,148
2023-08-01,156176,0.001006288,157
2023-09-01,156334,0.001011679,158
2023-10-01,156520,0.00118976,186
2023-11-01,156661,0.000900843,141
2023-12-01,156930,0.001717083,269
2024-01-01,157049,0.0007583,119
2024-02-01,157271,0.001413572,222
2024-03-01,157517,0.001564179,246
2024-04-01,157635,0.000749125,118
2024-05-01,157828,0.001224347,193
2024-06-01,157915,0.000551233,87
2024-07-01,158003,0.000557262,88
2024-08-01,158074,0.000449359,71
2024-09-01,158314,0.001518276,240
2024-10-01,158358,0.000277929,44
2024-11-01,158619,0.001648164,261
2024-12-01,158942,0.002036326,323
2025-01-01,159053,0.000698368,111
2025-02-01,159155,0.000641296,102
2025-03-01,159275,0.000753982,120
2025-04-01,159433,0.000991995,158
2025-05-01,159452,0.000119172,19
2025-06-01,159439,-8.15292E-05,-13
2025-07-01,159518,0.000495487,79
2025-08-01,159540,0.000137915,22